,pontoId,lat_pred,lon_pred
0,2774.0,-10.584288003396221,-33.655572875593904
1,50.0,-9.753578590109626,-35.48120561961307
2,2131.0,-7.4374139209509575,-34.705157567976016
3,1135.0,-8.106837641447322,-34.12557831050226
4,2489.0,-7.064591003908302,-34.58175117855893
5,2823.0,-10.512889882114148,-33.87040657018402
6,2752.0,-9.415073758224526,-34.3683836926498
7,2380.0,-6.773231043476492,-34.09313493765825
8,2842.0,-10.864795641106946,-35.37585634445513
9,2603.0,-8.673628463652673,-34.925379650909505
10,597.0,-9.268486249195153,-34.03727377591893
11,2387.0,-6.726182133106358,-35.05923928332059
12,1646.0,-7.694772882705951,-33.77407575880727
13,438.0,-9.246404055619442,-34.543517720722946
14,2682.0,-8.757526973552068,-36.173904610081905
15,539.0,-9.146597654681043,-34.91546956865568
16,1702.0,-8.298341281981743,-35.02972868787127
17,949.0,-8.76361094314571,-35.62011498483673
18,2400.0,-6.829352162197411,-33.62070738539918
19,46.0,-9.122204364291557,-35.5627015905896
20,1879.0,-7.800618975008332,-35.363012290266134
21,1595.0,-7.756457885707182,-34.529536188475035
22,2357.0,-7.7778888724427055,-33.652198826591224
23,1258.0,-8.946398703498442,-35.620975699204465
24,2716.0,-8.565706495280555,-34.42001506207185
25,980.0,-8.885056796723505,-35.59436823435148
26,1232.0,-8.761455456113444,-35.81492935358463
27,253.0,-9.562083707762206,-35.93268820411721
28,931.0,-8.647177392276046,-35.05680429693916
29,1631.0,-7.300599556250505,-34.460266316483626
30,326.0,-8.95387866630332,-35.01592706769654
31,416.0,-8.99482654542911,-34.278968828052484
32,2863.0,-10.757090623253879,-35.5830346760589
33,2077.0,-7.328213462658588,-34.15639656469686
34,55.0,-9.004419083332042,-35.25135504317511
35,1965.0,-7.677544845913949,-33.950660368704604
36,185.0,-9.690204730337545,-35.379648907417824
37,2094.0,-8.264153768073164,-35.130225667180504
38,1187.0,-8.090696258353239,-34.204781992190775
39,1268.0,-7.950935025181699,-34.101431004730344
40,1322.0,-8.574345014567186,-34.993557954144066
41,2137.0,-8.08353083428182,-34.073552491885614
42,1140.0,-9.002320635316206,-35.53848530006439
43,1654.0,-7.280629515408602,-34.47230802722221
44,1111.0,-8.476392025069412,-34.40490587111404
45,455.0,-9.449367535334236,-34.987814600207926
46,1448.0,-7.252929244645248,-34.14915510006886
47,1364.0,-7.801351823649853,-34.51400557916184
48,87.0,-9.126703392333276,-35.62981580234576
49,2093.0,-7.623919254748616,-34.34990672829969
50,775.0,-8.714564865428764,-34.77192647547075
51,41.0,-8.845039799217016,-34.692473158749905
52,15.0,-9.003530027086192,-35.49596301533454
53,65.0,-9.034068893626483,-35.22430839515205
54,841.0,-8.81931974043129,-34.80981751025587
55,2484.0,-7.3211593622289834,-34.56451964166248
56,972.0,-8.594657745790595,-35.008415880323575
57,2740.0,-9.556844995374142,-35.384132264561615
58,1459.0,-7.962715135520058,-34.421663259277466
59,2367.0,-8.604036049325986,-35.467059988274684
60,1033.0,-8.849361626852414,-35.030499748874576
61,791.0,-8.379431477786706,-34.98313417437473
62,2817.0,-9.966760500822225,-33.189677192339914
63,2046.0,-8.246960459087216,-35.131871250264524
64,1853.0,-7.988221750532703,-33.758361743823926
65,1615.0,-7.436973135413438,-34.51638816726832
66,609.0,-9.051382795221283,-35.62977457134207
67,2824.0,-10.723963903013118,-34.69262386551189
68,816.0,-9.256239493026115,-35.74458850025924
69,1324.0,-7.8072773050616355,-34.48518558013951
70,2015.0,-7.820227863651029,-33.693809672784425
71,1627.0,-7.699455102734394,-34.73742095877503
72,1714.0,-8.01419536105732,-34.48388549158253
73,1385.0,-7.345839081024197,-33.78702786396439
74,912.0,-8.570428143969249,-34.538230083294934
75,1347.0,-7.824350270977334,-34.52667161427988
76,2866.0,-10.61260719378392,-35.57355187369476
77,1363.0,-8.78226500305799,-35.79865348157822
78,2288.0,-7.58468596152232,-34.52475147181865
79,1769.0,-8.35330610089748,-35.14971498847867
80,2681.0,-10.231325773895207,-35.1319513003826
81,2198.0,-7.33737851650586,-34.156532653472404
82,1756.0,-7.437652142838167,-34.15026201482313
83,2041.0,-7.535976527160692,-34.00371583615102
84,2351.0,-7.745889836226931,-34.371748547369876
85,2236.0,-7.135734980921553,-34.43476091301447
86,8.0,-9.176886328252678,-35.40216424955806
87,2246.0,-8.053426585224315,-35.69115110431453
88,262.0,-9.044859389420363,-35.14412788085217
89,1307.0,-7.774084631169901,-34.49164058376492
90,1085.0,-8.000848280866048,-34.17589314567448
91,115.0,-8.828001153360065,-34.124016555710874
92,1225.0,-7.760628845974024,-34.484458066963754
93,2927.0,-8.778929803819121,-36.14519803991273
94,2809.0,-10.45760356023104,-36.7245173061403
95,1496.0,-8.36128040833276,-34.64267462807205
96,233.0,-8.687342038006955,-34.18474193985186
97,2501.0,-7.805937072692494,-33.72561130465524
98,1932.0,-7.191022760272071,-34.035775585792166
99,735.0,-8.556197660037183,-35.080798886467484
100,649.0,-8.674917697510736,-35.39683807472538
101,398.0,-8.925710542116587,-35.3506050543248
102,1302.0,-8.570423371683685,-35.05830900684222
103,1909.0,-7.333981185611462,-33.96651280623994
104,2589.0,-7.890245525280005,-33.819167975894636
105,1373.0,-7.720450892676337,-34.69544441533461
106,1026.0,-7.901230492315582,-34.21551893907177
107,729.0,-8.467943506468885,-35.00498110242886
108,1687.0,-8.776809067294856,-35.6824377836479
109,164.0,-9.051852141836154,-35.65504578116225
110,1378.0,-8.435438619185256,-35.7927238663427
111,1824.0,-7.7946413774587455,-34.56824598794836
112,247.0,-9.423641436598942,-34.26174422847615
113,1502.0,-8.4561905685072,-35.00629702539069
114,1940.0,-7.428668666585325,-34.40704649748185
115,2023.0,-7.720612538269563,-33.88923290484945
116,2359.0,-8.236785650141357,-34.30580004768218
117,1306.0,-8.308513603168374,-34.502907906951904
118,1590.0,-7.5725332609524685,-34.738468628103476
119,1876.0,-7.564344018136175,-35.01620149885561
120,832.0,-9.247956504321133,-35.71654891868944
121,1657.0,-7.755520238411181,-34.612818371152436
122,1948.0,-7.243204472925861,-33.87437231428073
123,486.0,-8.45852038955687,-34.34530246619812
124,779.0,-8.666663888097688,-35.03844810511541
125,1109.0,-8.739987666716448,-35.314817579967084
126,241.0,-9.421571217289001,-35.87200216385635
127,856.0,-8.6269367120038,-35.02366864169801
128,1810.0,-7.794294501726892,-34.5751155671896
129,2028.0,-7.732955953389265,-33.96950914994532
130,849.0,-7.7271233056695365,-34.22433377486035
131,186.0,-9.055142154872971,-34.45859523376434
132,1189.0,-263788867983.51917,-37209306636.16734
133,2946.0,-9.485401431732486,-36.10688351781481
134,797.0,-8.500329518416747,-35.312304491139585
135,2900.0,-9.461903674451618,-34.64732884546829
136,2933.0,-9.287371254295046,-35.59704792473493
137,424.0,-9.171456753139312,-34.152800895986644
138,329.0,-9.423752354158712,-35.82857381061389
139,1846.0,-8.374249818905271,-35.14473740154496
140,611.0,-9.044074833182902,-35.49900358040402
141,2180.0,-7.252678633470618,-34.51023920690658
142,2383.0,-7.1826405321961735,-33.757662665933594
143,781.0,-8.573999557745474,-34.877163865867665
144,1898.0,-7.852471988606089,-35.208473052023436
145,818.0,-8.645693973108049,-34.769218869501344
146,2885.0,-9.471592944015924,-34.96238745135112
147,2218.0,-8.20981447721824,-35.51639211907218
148,39.0,-9.131350423350781,-35.730803339246705
149,731.0,-8.407343418228635,-35.035795172334716
150,1011.0,-7.983357714611705,-34.25713472777524
151,2821.0,-8.172553546234276,-33.32192799498033
152,2282.0,-7.577605789828202,-35.2263983274084
153,440.0,-8.710064407291167,-34.225952356618805
154,800.0,-8.314282771519785,-34.433028093368506
155,545.0,-8.97997744800375,-34.82552535649366
156,246.0,-8.802251705695248,-34.26475010979499
157,1312.0,-8.59065661257289,-34.927697949655595
158,127.0,-9.425544905753899,-35.736997551842734
159,2032.0,-7.5924066119632405,-34.68161044368017
160,2938.0,-9.234910637904125,-36.37464874683795
161,232.0,-9.597553020246739,-35.99773194096647
162,838.0,-8.79927388195779,-34.68162676165412
163,7.0,-9.231333077255925,-34.89983512390221
164,2586.0,-8.568906010187952,-35.15940328793682
165,1379.0,-7.826760525557459,-34.66666663353395
166,1309.0,-8.490189966486884,-35.119754820674274
167,142.0,-9.07310766355646,-34.811593702609336
168,290.0,-9.102223360706596,-35.70474636032562
169,2083.0,-7.400183194107679,-33.949639964076525
170,2379.0,-6.903062325448779,-34.00971042143102
171,2432.0,-7.433205751044822,-33.57339481796226
172,2228.0,-7.49449232731101,-34.547414691180634
173,2495.0,-7.067951544522734,-35.252695788482804
174,1301.0,-8.522541294078952,-35.04260219572163
175,1708.0,-7.999083872204265,-34.375218772366544
176,2321.0,-7.4920235405105835,-34.447995031534866
177,1599.0,-7.665045419791114,-34.71137513488448
178,2722.0,-7.6092360375264905,-34.28727054351039
179,2861.0,-9.074208062285681,-33.95715290327472
180,1323.0,-8.87500560203769,-35.93429083515927
181,1907.0,-7.480231836179321,-33.945666148780674
182,2807.0,-10.424537712122188,-36.123972890586444
183,421.0,-9.1110939750807,-34.79958657028253
184,1811.0,-7.605423095927076,-34.067237395510716
185,938.0,-8.608494496005768,-34.9895750087632
186,1633.0,-7.481113992063432,-34.38877565345298
187,901.0,-8.824140846923035,-34.86940103878033
188,823.0,-8.375770702794537,-35.3190977300991
189,206.0,-8.761600962839449,-34.267696821991464
190,711.0,-8.666223662079265,-35.18515175693037
191,1281.0,-7.825253341851292,-34.50580956401677
192,1598.0,-7.749560653894255,-34.54904367316497
193,2160.0,-7.473556473150527,-34.79314199644821
194,615.0,-9.272637954617403,-35.62939494029448
195,1505.0,-7.56379446886954,-34.77734943546738
196,2099.0,-7.611568569107549,-33.99192227072172
197,1710.0,-7.82073621152178,-34.71556417996744
198,2569.0,-8.847649837822521,-33.54591045520327
199,585.0,-8.328863617997694,-34.87800184654762
200,2853.0,-9.62497755591798,-32.16736298978684
201,1427.0,-7.732240244681645,-34.594402888884574
202,2210.0,-7.2763247631661,-34.43087397232131
203,1333.0,-7.732430144188107,-34.56085286392391
204,1971.0,-7.7465345359968385,-34.47215797494557
205,2364.0,-7.368210736323167,-34.52020724398294
206,2021.0,-8.310863275869064,-35.33479751553474
207,2413.0,-6.880182902319914,-33.90198499147268
208,704.0,-9.220624643774444,-35.864002829282825
209,1669.0,-7.602515285009325,-34.714475596039975
210,23.0,-9.49476023792123,-35.717132803938455
211,745.0,-8.453736300600996,-33.78277230371218
212,2736.0,-8.233825391777136,-33.9398273151344
213,339.0,-9.192511757959599,-35.563771450542404
214,88.0,-8.83382129058015,-35.330930901186804
215,476.0,-9.092571742808778,-34.72468680398629
216,2291.0,-7.964905375558633,-34.384978069202404
217,2350.0,-8.514048087154784,-35.21583495860003
218,600.0,-8.810716584539165,-35.75729932316818
219,1652.0,-7.709854136515523,-35.06892602919673
220,166.0,-9.001027508338748,-34.52080922572694
221,2841.0,-10.982442086753448,-35.69873563027897
222,1901.0,-7.472372121495508,-34.32390923505846
223,2311.0,-8.89305662700656,-33.88990165431524
224,2374.0,-7.594585314453593,-33.45259411018692
225,1360.0,-7.774339152795941,-34.65349748530016
226,1780.0,-7.755690454345675,-34.495836245591306
227,184.0,-9.208776424639591,-34.93730103035739
228,1167.0,-8.672021188654831,-34.2764081149048
229,1298.0,-8.515442077059081,-35.08914140635335
230,826.0,-8.518519682101406,-34.87050312741014
231,2141.0,-7.517502889118445,-35.3977458515606
232,1252.0,-7.785112880746796,-34.59500432198877
233,353.0,-8.889856189580861,-34.788062072756745
234,302.0,-8.977017671266097,-34.41957046648889
235,2102.0,-7.545018010225456,-33.96494297753348
236,77.0,-11562.581865041924,-15137.73937968789
237,1401.0,-7.281962369033858,-34.23518504102786
238,1439.0,-8.348943402621764,-35.31271967968791
239,969.0,-8.232642211523588,-34.18134347330907
240,348.0,-8.960296459837874,-34.613932830738335
241,1149.0,-8.359398940682556,-33.987734557367034
242,1823.0,-7.373708471167111,-34.12079989327849
243,2551.0,-7.3329775935335455,-33.732065371873176
244,1718.0,-7.711273275669573,-34.800216578784514
245,2133.0,-8.352646262034213,-35.108558270521485
246,692.0,-9.215583252519814,-35.87986129451069
247,2916.0,-9.12539375414153,-36.203529617940454
248,2333.0,-8.13123746085542,-33.55367405852815
249,1790.0,-8.190274415152249,-35.67536093121709
250,1447.0,-8.339120907419856,-34.436831611698096
251,129.0,-9.13488640715835,-34.35581271460063
252,1834.0,-7.597721299343224,-34.79419063793176
253,2574.0,-7.779016123375264,-33.98241467484846
254,249.0,-8.99169733651318,-34.78549591231298
255,1046.0,-8.716098317650154,-35.34795658448056
256,1254.0,-8.582926981436936,-34.35087360159872
257,1178.0,-8.559491510303761,-34.76129113992238
258,5.0,-9.130949125916104,-36.07653457331942
259,765.0,-8.732518621463758,-35.13608331318044
260,593.0,-7.973239954048908,-36.04942765275979
261,1934.0,-8.386711619216896,-35.346068920794515
262,1694.0,-8.24581799405627,-35.27353192374798
263,1749.0,-7.569107813333973,-34.043454571230896
264,2766.0,-10.788479958146603,-34.949944522425795
265,2010.0,-7.6210344236324294,-33.96138995358411
266,1171.0,-8.049247662543703,-33.98617442626257
267,468.0,-9.192196507603644,-34.95508019902557
268,1361.0,-8.537417255033866,-35.086833470474204
269,170.0,-8.713141223528163,-34.21542098078901
270,2923.0,-9.157321109190706,-35.66744703158336
271,687.0,-8.6907862361745,-35.264217979667265
272,2425.0,-7.48222651607195,-33.490288535831056
273,1685.0,-7.197001357467908,-34.273229461552965
274,2712.0,-8.859992472081737,-35.9416941007063
275,2640.0,-10.158658148099327,-34.80303498075485
276,1523.0,-8.74441154765372,-35.797778354817815
277,2544.0,-7.746364911804138,-33.60028358678838
278,898.0,-9.035743819965852,-35.482899090811884
279,1663.0,-7.357198538907914,-34.39755842145264
280,1348.0,-7.753586810424521,-34.61062038344554
281,2581.0,-9.01779603016966,-33.86429675185551
282,2261.0,-7.098742379458903,-34.808261551649636
283,827.0,-8.77561289270587,-34.997152458886035
284,2565.0,-8.203567536415601,-33.01566038986117
285,2440.0,-7.193027942528017,-33.729534845998494
286,603.0,-9.294380503187412,-35.57336195808681
287,1285.0,-8.449723731042866,-35.00833192802301
288,2103.0,-7.66920082202565,-34.41390203045478
289,2583.0,-9.374979926343329,-35.6809696478723
290,1370.0,-7.789685575956779,-34.55045345830644
291,1683.0,-7.8308439581909,-34.54421557978522
292,1293.0,-7.804335132750084,-34.56845210349731
293,676.0,-7.933451878049199,-33.81098082329996
294,1938.0,-8.341409725848527,-35.17555199303756
295,986.0,-8.122919058997358,-35.374659988991155
296,2820.0,-9.041944666540722,-32.474949875506184
297,2597.0,-9.506128881091179,-34.84511719996148
298,2281.0,-7.92938342964345,-35.43641972768734
299,19.0,-8.920295470060761,-35.50289811037602
300,1490.0,-7.323882548914909,-34.33777602501324
301,1122.0,-8.691797218967224,-35.57872466850553
302,1042.0,-8.29535406018956,-34.17160709264193
303,113.0,-9.398908741656047,-35.33647038489204
304,2339.0,-7.390333802395789,-34.56058121621318
305,100.0,-8.693612930398714,-34.40128313621494
306,530.0,-9.141104926243436,-35.742416962438114
307,135.0,-9.316184976257405,-35.668541863847096
308,1387.0,-8.366813562893952,-35.16749050666364
309,2156.0,-7.5178907880818215,-34.56241908888106
310,2908.0,-9.450007884940408,-34.26865155177772
311,2284.0,-7.25889891189602,-34.258781065160946
312,2334.0,-8.813037297744481,-35.18007552121907
313,447.0,-8.454187190429813,-34.32988503852345
314,331.0,-9.488684779716275,-35.76909714017327
315,1883.0,-7.966796862440322,-33.742713966766814
316,2079.0,-7.619150693268325,-34.35700601645285
317,780.0,-8.053061720762503,-33.990106350705275
318,1288.0,-9.356913158065463,-35.80589351827391
319,432.0,-9.116036177612182,-35.84729728463904
320,732.0,-8.477206554333373,-35.21247003928109
321,1997.0,-7.49363528610652,-34.006437364993694
322,670.0,-8.745254887690049,-35.42322324509003
323,219.0,-8.95684603790993,-34.42245459354062
324,97.0,-9.051411801200018,-35.66832417708219
325,1452.0,-7.649433310959022,-34.54192243517129
326,1566.0,-7.839993972150444,-33.70931037275237
327,2124.0,-7.396898261896151,-34.562472700779445
328,1877.0,-7.695613574423291,-35.12836926019578
329,1286.0,-8.561666380563484,-34.71256565941437
330,1987.0,-8.34372423229183,-35.29846974033908
331,1661.0,-7.674054984715603,-34.599365501810496
332,248.0,-9.516636182557846,-35.673615448463394
333,1393.0,-7.805548802727696,-34.606593092564154
334,1672.0,-7.609088912183395,-35.000908237879834
335,1742.0,-8.401638206621612,-35.898279107090815
336,896.0,-8.742270699990303,-34.74449478189338
337,1388.0,-8.071257437717223,-35.29156651766368
338,1144.0,-8.100531573892424,-34.50838297687745
339,993.0,-8.197711593983218,-34.44885869128679
340,1377.0,-7.711919208891322,-34.733261164750516
341,1953.0,-7.772356727680682,-33.84085514490423
342,721.0,-9.230169067376558,-34.467592721508915
343,1398.0,-7.828062264420831,-34.60563523686274
344,1115.0,-8.745872909406764,-35.5128363349784
345,707.0,-9.019747127139748,-35.88059991725714
346,2742.0,-8.94502670396059,-35.895837229666604
347,2907.0,-9.326134513435402,-34.0029508475461
348,1935.0,-8.19640368863056,-35.05812265564603
349,450.0,-9.174327924054356,-35.77816166526267
350,1137.0,-8.72520005737668,-35.20055762639825
351,2673.0,-10.207715327504653,-34.75837572143915
352,451.0,-9.22743277899703,-35.8275934764055
353,2390.0,-6.8138014986781235,-34.025559660536885
354,518.0,-9.62891197254026,-34.68971293664504
355,95.0,-9.063528268250877,-34.70633929593073
356,1851.0,-7.561446828066382,-33.76353005584758
357,655.0,-8.65744635444446,-35.293422021320424
358,76.0,-8.923788155931984,-35.23602777011931
359,1183.0,-8.704740330662226,-35.95834386531795
360,674.0,-8.609808019081779,-35.279540467624784
361,2071.0,-8.279564034978105,-35.07240356634529
362,1110.0,-7.7076537863670085,-34.42067622568605
363,251.0,-8.593392351302938,-34.02238448095426
364,2950.0,-9.8364994828707,-35.54575495308454
365,1186.0,-8.130331808466961,-33.97503762010912
366,2931.0,-9.325530669937352,-35.79559814977495
367,1747.0,-8.017763666677999,-34.40126885401553
368,733.0,-8.571058617564342,-35.07845696808046
369,2624.0,-8.286809035419134,-36.05127018561523
370,2056.0,-7.190437976853275,-34.30102577315684
371,2163.0,-7.63210532524569,-34.3443082230084
372,2080.0,-7.22592082292946,-34.25594923501204
373,1408.0,-7.662674867051175,-34.94648136413092
374,1400.0,-7.87014246631666,-34.57944820833995
375,2196.0,-7.409751208845047,-34.49096318260051
376,1911.0,-7.705755641393784,-33.39581990403889
377,2446.0,-6.961220986298051,-33.83168488024381
378,2570.0,-7.750392896084329,-34.00292875494635
379,531.0,-8.83405645635963,-35.66320732446695
380,2449.0,-8.234937036042512,-33.45327424362454
381,1244.0,-8.90375644071751,-35.5341132098595
382,2050.0,-8.317669113096771,-35.0178084515681
383,89.0,-9.633511828971866,-35.34929187269238
384,2197.0,-8.421983742973056,-33.7281259720577
385,2256.0,-7.545407280655235,-34.48001724073774
386,94.0,-9.382964396902041,-35.60238353632655
387,782.0,-9.020050993687647,-35.808644533913174
388,2011.0,-7.751584036396918,-35.20698118764416
389,2528.0,-7.490058290620256,-33.578493888638306
390,2622.0,-8.219625175939846,-36.019542023244384
391,1679.0,-7.708755388980565,-34.59033515736087
392,759.0,-8.881396771252168,-34.09388366324257
393,695.0,-8.766346346642816,-35.28815007259168
394,2062.0,-7.307309480355553,-33.89967687256261
395,1549.0,-7.852794794127513,-34.46200190976339
396,1943.0,-8.288989208815256,-35.282523441021496
397,2085.0,-7.7163324814201895,-34.40898960027898
398,1249.0,-7.743439353776255,-34.443760786253975
399,2136.0,-7.756998833286949,-35.07055199192473
400,2251.0,-7.47561576373441,-35.18326256720551
401,810.0,-8.555869717019785,-35.30277109871815
402,296.0,-8.88409569994447,-34.68815120061622
403,667.0,-8.574842065059109,-35.20377094627595
404,866.0,-8.654068623151407,-35.04177386763581
405,90.0,-9.012105702448403,-34.852974200730344
406,754.0,-8.63453905379265,-34.99846407153707
407,1169.0,-8.562939916832153,-35.20609573400992
408,1000.0,-8.421429382027885,-34.93757296528267
409,2409.0,-6.80154043719433,-33.84064804815077
410,295.0,-9.524286059170308,-35.592938315039206
411,342.0,-8.912201592221885,-34.83635063027064
412,550.0,-8.894672112958943,-35.52445112869742
413,643.0,-8.66449206950183,-35.39235633612519
414,2486.0,-8.557147041334648,-34.638792439875445
415,532.0,-8.974381924716981,-34.90583845453641
416,2258.0,-7.814923134787941,-34.468920661247125
417,1634.0,-7.6134969021283325,-34.94816761300791
418,1623.0,-7.908255057123864,-34.48615442235415
419,359.0,-9.301300710819088,-35.4262406234982
420,1362.0,-7.7050110224515596,-34.66057885355971
421,743.0,-8.543295712769108,-35.05726646457184
422,1424.0,-8.406962920640675,-35.15213345587044
423,1540.0,-7.749693196146437,-34.57253748278621
424,1103.0,-8.76378854051406,-34.706106550387645
425,399.0,-8.842673255659925,-34.0172459578759
426,10.0,-8.985894656754752,-35.23279788879385
427,1983.0,-8.435837988750265,-35.29884666681407
428,1121.0,-8.367745479203688,-34.4608253117919
429,98.0,-9.037912698434965,-35.087816018563174
430,535.0,-8.964213496995939,-35.68302761809889
431,1404.0,-7.341338217034951,-34.19764549560823
432,1517.0,-7.522363746003389,-34.508351436380934
433,2935.0,-8.774793090828503,-33.423790072365136
434,567.0,-8.877109819367172,-35.51967155242407
435,1175.0,-8.552018063800976,-35.804375833972955
436,2928.0,-9.4396656405594,-35.76725795959096
437,1624.0,-7.3656066370234505,-34.49713648532643
438,2074.0,-7.476757051976611,-33.921553525212886
439,2686.0,-10.480171257912382,-34.99376383548271
440,689.0,-8.703642396459394,-35.267158307731805
441,769.0,-8.439203031738845,-34.64011223665733
442,2429.0,-6.982508372025675,-33.65034955129795
443,2552.0,-8.45571629375449,-35.16141274247681
444,1128.0,-8.248427659651785,-34.28459463560738
445,83.0,-9.671936226964405,-35.53289178417283
446,1023.0,-8.398659108982434,-34.45446426754101
447,475.0,-9.280049113889522,-35.694315310278455
448,1732.0,-7.578116810134726,-34.036070865991945
449,547.0,-8.888617750875046,-35.58560655186232
450,169.0,-9.00623495128007,-34.72070866349135
451,2012.0,-7.644597267366309,-35.115125145007774
452,551.0,-8.440524306057412,-34.09698997923576
453,1532.0,-8.25755403459101,-34.46463233331594
454,1995.0,-7.575564619673592,-33.861066714133194
455,632.0,-7.265938919747194,-34.26283144697102
456,964.0,-8.52652091517478,-34.94955412942893
457,2810.0,-8.717005308725483,-34.48185247286482
458,1470.0,-8.453038710074473,-35.74977700360019
459,209.0,-9.17456819656443,-34.983658514889434
460,2107.0,-7.5727959041326525,-34.05227073750233
461,1738.0,-7.697603887531134,-34.658632265227
462,948.0,-8.038752999748432,-34.494017617344234
463,2920.0,-9.349798203628216,-35.85072677341219
464,2596.0,-8.124248274038205,-34.32047155749578
465,340.0,-9.276542910557954,-34.73121892227926
466,2852.0,-9.242790301667224,-32.0080497980929
467,84.0,-9.234270408623754,-35.609774680059815
468,610.0,-8.994811601887633,-35.58093063719167
469,426.0,-9.214967502927061,-34.942108195202984
470,1022.0,-8.65748978039319,-35.13274155131135
471,2418.0,-7.613946527911935,-33.462753953778424
472,1256.0,-8.551664283342257,-34.75094197392082
473,1789.0,-7.809365824553179,-34.66821588070181
474,2723.0,-8.774991322858774,-33.78688843036083
475,2955.0,-10.211442139342932,-35.22611154864043
476,2620.0,-8.92910705390157,-35.26411385664565
477,2750.0,-7.961967551842638,-33.59172660699166
478,608.0,-8.902322620355225,-35.477226027440125
479,48.0,-8.862631267420765,-35.15197183423538
480,250.0,-9.030273265792278,-34.75059658587323
481,2421.0,-7.247939338791285,-33.701954041365795
482,2831.0,-8.03314199161502,-33.821421283988705
483,1782.0,-7.654801579495231,-34.76341981451606
484,2616.0,-9.488267601175714,-34.08479588886812
485,1630.0,-7.3478506382327495,-34.51282577481537
486,1979.0,-7.62589561081139,-33.78527514135085
487,2505.0,-8.492114087102703,-34.58647817087143
488,2158.0,-8.210992966392997,-34.56895149085209
489,1827.0,-8.083274249170278,-35.2882360875149
490,1541.0,-7.576359102639703,-34.62782384378416
491,793.0,-8.521787644172726,-34.759393049273456
492,968.0,-7.837442395919447,-34.40479671931148
493,2095.0,-7.406506478399921,-33.966403332372195
494,915.0,-8.276183177567622,-34.423782672297484
495,1967.0,-8.501245914134007,-35.326141048652225
496,2510.0,-8.496359125597493,-34.883357923202404
497,1592.0,-8.273159097684527,-35.89599125424194
498,2349.0,-7.3901979245726,-34.44550484034161
499,709.0,-7.922644708352577,-34.72387970110979
500,2177.0,-7.362621411838697,-34.46550936658696
501,2138.0,-7.681621106501845,-34.33744641535269
502,52.0,-8.909021905948922,-35.17171234936054
503,304.0,-9.272678761852738,-35.81782682093818
504,1578.0,-7.655428954534424,-34.594617122702864
505,1421.0,-7.113130978606081,-34.36546340078455
506,865.0,-8.927620637045273,-35.62528453841216
507,2629.0,-9.428658080739924,-35.222825570166805
508,1220.0,-7.749388282008982,-34.45637460595627
509,2031.0,-7.666972914388181,-34.388812729259854
510,2201.0,-8.27146026278866,-35.09533129608709
511,788.0,-8.777040102384452,-34.621753308727314
512,2371.0,-8.809882466952372,-33.34335448404962
513,40.0,-9.096610466263945,-34.795013109366494
514,1497.0,-8.58850599225264,-35.83765222835319
515,254.0,-9.396677597550582,-35.69949187999873
516,1079.0,-8.380618069305248,-35.04106702266691
517,413.0,-8.436716012859014,-33.97858879596377
518,1996.0,-8.331487665648448,-35.23685867063805
519,2929.0,-9.064526637063457,-35.96732405068384
520,286.0,-9.062451238103138,-34.946074228922924
521,549.0,-8.458821287569084,-34.17882421458151
522,484.0,-9.107399621411563,-35.6855411145939
523,281.0,-9.107254225435248,-33.9455176253895
524,1278.0,-9.234558765804298,-34.97454306937912
525,2348.0,-8.502484853706711,-35.12069076630248
526,285.0,-9.256766986856968,-35.40535179408523
527,108.0,-9.120227112981135,-35.46775192563244
528,1441.0,-8.002248439760969,-34.453659194875996
529,694.0,-8.647971627143352,-35.21423902139176
530,1495.0,-8.347194299673593,-35.36970498031603
531,508.0,-9.752488272800136,-34.917693984481204
532,412.0,-8.723152620970192,-34.44686904752905
533,448.0,-8.98712180074978,-34.75496811368877
534,1467.0,-7.556002597244197,-34.77682677663167
535,2523.0,-7.134205565520384,-34.67986270490589
536,1415.0,-7.833689698449244,-34.69648129842984
537,1082.0,-8.849491783671375,-35.73503689482545
538,1230.0,-8.530650989207713,-34.75885273578032
539,2522.0,-7.799514879717554,-33.70524187286383
540,1858.0,-7.766885145401702,-34.405333889461986
541,204.0,-9.226217443177116,-34.81347057310455
542,2726.0,-7.424725307550131,-34.209273254462985
543,1190.0,-8.857257866490524,-35.69659521259226
544,86.0,-9.111435047518064,-35.01540497302503
545,659.0,-8.781839358026101,-35.263859809582684
546,592.0,-9.246027586255696,-35.63198578282521
547,509.0,-9.436275035364785,-34.37776999374482
548,279.0,-8.960618930795594,-34.337865896996696
549,61.0,-8.200988434416976,-36.63176059798815
550,604.0,-8.74189367540878,-35.47209401277493
551,2114.0,-7.971732956797644,-34.25259853708352
552,4.0,-8.978698591446884,-35.32186940140117
553,201.0,-9.30487149588213,-34.43341169914943
554,760.0,-8.571591523628745,-34.83407909634539
555,1740.0,-7.742235185672223,-34.7173410298695
556,2487.0,-7.879343588892082,-33.77191405928041
557,56.0,-9.000117166061859,-35.40038593337494
558,2257.0,-7.442889852145742,-34.626580857979505
559,1049.0,-8.578002629344272,-34.816567543519696
560,1342.0,-8.824970232775684,-35.76724431054852
561,1861.0,-7.428058217093097,-34.155300907660894
562,1559.0,-7.658330369737787,-34.53907346674198
563,1579.0,-7.567261695271119,-34.629220975589924
564,1637.0,-7.70142563283186,-34.76580212273795
565,520.0,-8.946795506672299,-35.72196767578703
566,2633.0,-7.770718959868019,-36.0308649282554
567,1805.0,-7.880039011679548,-34.53010572894923
568,107.0,-9.4028544494358,-35.56285758953078
569,18.0,-9.123743531226776,-35.27534991256157
570,119.0,-9.183182957923659,-34.809834318820805
571,1410.0,-7.728131638934675,-34.600181052723926
572,706.0,-8.973288663282732,-34.1993516382336
573,1382.0,-7.828377316772695,-34.629040280529395
574,2209.0,-7.299427014896879,-34.667199310231226
575,1625.0,-8.575032205197415,-35.75814199652525
576,756.0,-8.558851312300913,-35.17657562949494
577,2322.0,-9.148177031845627,-33.96115299099557
578,1419.0,-7.7872652594852445,-34.60370684613876
579,2532.0,-7.877933905502333,-33.622645829760614
580,2559.0,-7.569579962555548,-33.40990085922471
581,1101.0,-8.52061832807426,-34.83071439976053
582,2732.0,-8.692105294725806,-34.66633576572728
583,2266.0,-7.525575774792413,-34.397586326707426
584,1875.0,-7.727218395810604,-35.09840788844129
585,1542.0,-7.791272743076673,-34.53756218428891
586,840.0,-8.557169435029248,-35.05345197626445
587,857.0,-8.583763056176908,-35.196932920200325
588,2834.0,-8.312231606615391,-33.62478121420759
589,2806.0,-7.929090003562127,-33.58571067291057
590,1815.0,-7.66485212381386,-33.77879557425489
591,2837.0,-10.880991031739896,-34.52658426266208
592,2096.0,-7.466002930147532,-34.144433541233475
593,2376.0,-7.523954768997875,-33.43307965053775
594,1849.0,-8.470166514563903,-35.11713929445011
595,1535.0,-7.4301744326609285,-34.72692981716099
596,1203.0,-7.6947079198784865,-34.31081274990171
597,1964.0,-8.333920600254734,-34.41836851968925
598,2353.0,-8.06817067492367,-33.56326356788281
599,1191.0,-8.403694424941115,-34.59909760059252
600,2394.0,-6.66460602184026,-34.35228505489208
601,2205.0,-7.4032153434923895,-34.53826221442266
602,1931.0,-7.441080158744526,-34.423177828178765
603,1639.0,-8.518494688738794,-34.99197795905492
604,1869.0,-7.599101485468179,-34.692601964076744
605,1711.0,-7.251461944764056,-33.80432958520292
606,1602.0,-7.722852038726191,-34.67322425362777
607,2407.0,-9.611155930152833,-34.54222192485304
608,907.0,-8.555948120874945,-34.91486526359711
609,2777.0,-8.867975717210474,-32.21237200174396
610,656.0,-8.253070660290533,-33.91669815318426
611,161.0,-383047343.7293135,616023826.1835623
612,1783.0,-8.145554066634762,-35.12094570132993
613,1647.0,-7.625930111802317,-35.00488743839546
614,1067.0,-8.261643405698619,-34.196461916017284
615,1407.0,-7.027107466006053,-34.47019704887086
616,2658.0,-10.010888003425567,-35.34810491053311
617,636.0,-8.796481088526882,-35.3770182831537
618,1369.0,-7.854015076679538,-34.63668810137714
619,1906.0,-7.427945959045965,-34.13896227660601
620,1247.0,-7.760440401435714,-34.53432769452615
621,2844.0,-11.057639238782219,-33.44601845659521
622,727.0,-8.517654806056505,-35.06129442840167
623,2314.0,-8.655148209494648,-34.97050770095878
624,2715.0,-9.167769871560237,-35.39170241692711
625,2780.0,-9.97688244276413,-35.19292060288831
626,2391.0,-6.7233673226293575,-34.18043202864723
627,2212.0,-7.2127213435589645,-34.38675382291484
628,2514.0,-7.426055071652107,-33.52485805300461
629,870.0,-8.650710348364086,-34.9363380952945
630,970.0,-8.515860965095364,-34.971304579394555
631,1029.0,-8.754019446009455,-35.42785933338208
632,2072.0,-7.256362333439178,-33.98238121305377
633,2741.0,-8.926969472467803,-35.74212079727261
634,318.0,-9.237683126721787,-35.89702707712354
635,267.0,-8.721797960803775,-34.28390533677751
636,1821.0,-7.723098689449891,-34.68831539692455
637,1478.0,-6.9482415212532,-34.59532577770676
638,420.0,-8.66414708684708,-34.03196797540217
639,2796.0,-8.73318761844085,-35.13786485388529
640,2025.0,-8.08974465709587,-35.56799324071407
641,693.0,-8.00208256903587,-33.99170275376683
642,654.0,-7.75423541093641,-33.82414337043913
643,283.0,-9.087448970966717,-35.63319954994897
644,1921.0,-7.381420101344107,-33.943891743010916
645,511.0,-9.549295753249806,-34.75763397481994
646,2384.0,-6.911198003380523,-33.79960434020714
647,591.0,-9.331099492048779,-35.26337458442275
648,778.0,-8.692916509877266,-34.846971475985
649,1674.0,-8.086331806509556,-34.50228188762707
650,1582.0,-7.661408243371247,-34.612939570146494
651,821.0,-8.479963055827302,-34.64614782071044
652,1078.0,-7.880143988820247,-34.135843034123404
653,868.0,-8.580907373991256,-34.31235422826028
654,843.0,-8.993129668092903,-35.56973977100159
655,1248.0,-7.690199118987099,-34.54748380926158
656,2795.0,-8.562879425609845,-33.43582288274179
657,2687.0,-9.185839461226873,-35.09685379151032
658,2153.0,-7.419927502621712,-34.64560041181328
659,730.0,-8.469654378729471,-35.14222595752089
660,1188.0,-8.160834581261263,-34.36070229548901
661,1284.0,-8.505157221902136,-34.681396538055196
662,2671.0,-9.754422547013652,-35.91317839276556
663,1162.0,-8.250394084927347,-34.185018764375265
664,2605.0,-8.596292489161755,-35.15735149058517
665,2676.0,-8.515397889184497,-36.11875917385986
666,672.0,-8.643296026938,-35.353260299322315
667,2265.0,-7.901442873941633,-34.39219682344496
668,1035.0,-8.330580581897548,-34.81707876725422
669,917.0,-8.768763672176783,-34.66409873588268
670,1816.0,-7.222188541888787,-34.282308817590966
671,2091.0,-7.5655135779738565,-34.35495044736908
672,1700.0,-7.9969035618444835,-34.47481876463945
673,579.0,-9.03825212932404,-35.52045333127613
674,1709.0,-7.220834911295119,-34.083346859227234
675,1854.0,-7.276965184133163,-34.433333860986664
676,2243.0,-7.11916814797085,-34.70021998063598
677,2043.0,-7.359015273203477,-33.949326837047586
678,2724.0,-7.853876156324542,-34.01813344732361
679,1449.0,-7.54871653808182,-34.614871661828886
680,1194.0,-8.985775658500454,-35.65064480818495
681,437.0,-8.850905230700286,-33.991650050050545
682,587.0,-9.02371778277034,-34.47796049678404
683,2078.0,-7.558508926800344,-33.797133006452334
684,1697.0,-8.014028218940785,-34.52778620386583
685,1331.0,-7.811912279347677,-34.58176522022218
686,1899.0,-7.420872471201305,-34.13541359639878
687,2273.0,-8.078224884937034,-35.49334259272436
688,431.0,-9.22335705472784,-35.70536333507744
689,1444.0,-8.44776659699205,-34.75221415315437
690,940.0,-8.559581469345433,-34.99950711907033
691,2181.0,-7.560380334465743,-34.47430754682891
692,1219.0,-7.736266243292702,-34.48077931537871
693,554.0,-8.92897912460638,-35.60527990917851
694,2535.0,-7.872156615913875,-33.32634032728845
695,1125.0,-8.344599052242458,-34.07100822655025
696,1354.0,-8.41624275497422,-35.29728180072975
697,1098.0,-9.035861831568306,-35.273236508810214
698,620.0,-9.021463933444377,-35.480706197657796
699,358.0,-9.11996796064961,-34.57010280339912
700,762.0,-8.472432171421486,-35.164792199795876
701,2825.0,33711093528459.492,11819350782291.672
702,2037.0,-7.745355685848927,-34.267418310721965
703,1199.0,-9.224824492493171,-35.53554217756914
704,1976.0,-8.231958484260462,-35.25731126567514
705,2026.0,-7.965159808295608,-35.52461445935809
706,2733.0,-9.223704002697179,-35.19391079926564
707,1730.0,-7.5221878898905885,-34.05272423699986
708,883.0,-8.877935836678834,-34.95953417323064
709,1795.0,-8.294972374850648,-35.670360298066925
710,2415.0,-6.7045628306298894,-34.05242720282045
711,2076.0,-7.579455872426575,-34.36460835527332
712,960.0,-8.439309110340393,-34.72600836351597
713,892.0,-8.803548144738446,-35.03527049962524
714,1807.0,-7.909514201265153,-34.44570052516501
715,1069.0,-8.668865660138007,-34.40155971865931
716,2457.0,-7.694873013619335,-33.55142965962858
717,1717.0,-7.7877537899911875,-34.62316618627834
718,1888.0,-8.044857988621832,-35.37325613756161
719,1800.0,-7.741055778264397,-35.11996624049205
720,761.0,-8.955268580664374,-35.80545411401367
721,273.0,-9.168464816938798,-34.801817228646684
722,2871.0,-10.306721866934861,-35.95187235730435
723,1809.0,-7.392407989623429,-34.18392240998277
724,2459.0,-6.72897237083464,-34.86184607612819
725,1746.0,-7.634795823527917,-34.45205270030565
726,1601.0,-7.537845767706086,-34.582913717962796
727,1671.0,-7.107635439839029,-34.26922600026228
728,1017.0,-7.925673500326843,-34.26884294098082
729,1584.0,-7.569119618700491,-34.752885299653585
730,298.0,-8.829456667245726,-34.532631267312524
731,801.0,-8.490470749565572,-35.31095599804566
732,1776.0,-7.418244573705262,-34.183717021508876
733,1200.0,-8.711625689345203,-35.06007549914145
734,1691.0,-7.31649484299684,-33.906558632813095
735,2943.0,-9.114944286600716,-36.339977002214205
736,951.0,-10310814905140.46,-11331455615671.432
737,1147.0,-8.435546832030722,-34.35282386963627
738,2802.0,-10.328889624967728,-33.792809459785246
739,2317.0,-7.501238312512894,-34.428845077509436
740,699.0,-9.105350377730476,-35.90252745552793
741,2868.0,-10.461297934640017,-35.19919240187104
742,2372.0,-7.451423703600982,-34.334571905084545
743,2013.0,-7.585447046788826,-34.52504595959134
744,2632.0,-7.813660238791945,-35.8538128780684
745,1530.0,-7.948998876384572,-34.393109581615704
746,2225.0,-7.425456158317083,-34.88396995359372
747,2047.0,-8.293419775769342,-34.52796301077966
748,388.0,-9.136925740160557,-35.081874620880356
749,1136.0,-8.276391390741926,-34.52611239940454
750,1773.0,-7.394844888602137,-34.31938588763933
751,2065.0,-8.275709044413128,-35.04410229576809
752,2739.0,-9.294880282764757,-34.890885237053894
753,2230.0,-7.240545716243833,-34.539125014702776
754,312.0,-9.100790873534057,-35.81621857185613
755,216.0,-9.0999324048233,-34.89387342165515
756,1981.0,-7.592771271339421,-34.4349970798079
757,47.0,-8.910658005737234,-35.21678290478279
758,2066.0,-8.504732944583047,-34.931573099079046
759,1483.0,-8.325111064934873,-35.97475977786019
760,1280.0,-8.858284900207803,-34.41147844083177
761,661.0,-9.233310470807375,-35.77034492325819
762,2695.0,-8.611145222650093,-35.96692575315768
763,2178.0,-7.408391977837595,-34.57195411452511
764,882.0,-8.802276014008575,-34.57220917974536
765,851.0,-8.65465733368491,-34.74600640410923
766,2134.0,-8.794276361681435,-35.097415129023496
767,2313.0,-7.212865036738968,-35.07200011237876
768,2092.0,-8.452681690166186,-35.1191176896832
769,613.0,-8.259055747167043,-35.0519889743774
770,1962.0,-7.4943561059478165,-34.45803818955895
771,553.0,-9.103688268044813,-35.227478802842164
772,2782.0,-9.07733765354785,-32.202908910458305
773,2.0,-9.199377651818313,-35.79075783224567
774,2932.0,-9.251057523077627,-35.723897623955
775,1145.0,-8.633527958743887,-35.67972344451472
776,2860.0,-8.44524329303949,-33.2818701159281
777,2747.0,-10.839929956572934,-35.929670366520675
778,2626.0,-7.105736550883737,-34.059552790450674
779,2790.0,-9.816852317416915,-34.89549006367372
780,49.0,-9.119144621955432,-34.80540523544698
781,878.0,-8.508026472913611,-34.69327724204119
782,497.0,-9.001274038718924,-35.603301162563696
783,1739.0,-7.198962396394643,-33.9610599096398
784,1213.0,-8.57150801934514,-35.29738996779108
785,1982.0,-7.475642512327648,-34.681089240405626
786,1728.0,-7.958929441188247,-34.4271993382726
787,869.0,-8.527957763471715,-35.12541898099405
788,158.0,-9.009644287393812,-34.794222152396415
789,2006.0,-8.508189103314372,-35.331915249236395
790,2239.0,-8.17771799778178,-35.518901577503016
791,1143.0,-8.265316907202727,-33.90449415094551
792,96.0,-9.148476924877322,-34.99768446016148
793,1443.0,-7.770149253089354,-34.56435722642682
794,2688.0,-10.31675485912964,-35.29874737861084
795,812.0,-8.42887129917872,-35.30201326752068
796,529.0,-9.062284876483032,-34.541854695701
797,277.0,-9.434626409591981,-35.52301183524729
798,211.0,-9.65090079802928,-35.512736564188124
799,2539.0,-7.600814681210334,-34.16521246330359
800,2483.0,-7.731931691708095,-33.68860019002205
801,419.0,-8.644144649938248,-33.76336442127045
802,1355.0,-7.822566182602731,-34.59601997848234
803,428.0,-9.29098295358882,-36.031014337534984
804,1345.0,-8.218715909428122,-34.49967120832793
805,928.0,-8.52131597327758,-34.858242875758236
806,244.0,-8.984887110567165,-34.44597132626102
807,2835.0,-9.4630974005977,-32.44706412548468
808,1325.0,-8.558597397525958,-35.022004654659874
809,2819.0,-8.994867567049702,-34.61954573053052
810,1503.0,-7.234849988993321,-34.4889144970992
811,2890.0,-8.468227849228267,-33.68503626750618
812,746.0,-8.524237275394526,-35.189963004990815
813,1658.0,-7.6633859552862305,-34.800459945905295
814,1988.0,-7.538632311547989,-34.6403857480564
815,1764.0,-7.883139184630439,-34.516743537348795
816,619.0,-8.740976269467073,-35.3905800190292
817,1212.0,-8.422952987026445,-34.457202906322784
818,1462.0,-7.766094802766213,-34.6915399755393
819,385.0,-9.302325872595762,-35.853550953439736
820,1900.0,-7.380285401147907,-34.26789099809726
821,1262.0,-8.386218438566413,-34.14735710748638
822,37.0,-9.44601861536725,-34.97991608153404
823,588.0,-9.001267527298314,-35.6037586926585
824,1434.0,-7.893671227388332,-34.51584327425562
825,1120.0,-8.112326358677734,-34.043119716647496
826,586.0,-8.924467933839782,-35.52799801515643
827,2917.0,-9.166053231431746,-36.13434364193202
828,2405.0,-7.192829770607396,-34.02755871266782
829,926.0,-8.501081333537272,-35.0653004470442
830,716.0,-8.976004490317463,-36.018134794108136
831,1074.0,-8.617123094104315,-34.41655486992897
832,67.0,-8.956277140366419,-34.887196142755315
833,2346.0,-7.819974904418258,-34.271217170726985
834,28.0,-9.002224407310525,-35.17763686394554
835,81.0,-9.059868333759894,-35.216146357036465
836,372.0,-9.032601524923553,-34.84453461310984
837,485.0,-9.513007404279804,-35.031010644981684
838,1803.0,-8.213709721486495,-35.085251349817895
839,2302.0,-7.4407952671869655,-34.70511791915799
840,625.0,-7.0032696102898155,-34.63298010659199
841,861.0,-8.632569252275957,-34.687034523647625
842,1706.0,-7.2404785821864674,-34.18709735293649
843,1884.0,-7.223494790847798,-34.41314234664408
844,1456.0,-8.516035881431318,-35.914423648235946
845,2634.0,-10.237878715011673,-35.41730400450647
846,401.0,-9.181329388534753,-35.799472182591785
847,1924.0,-7.662902621244867,-34.633396372826475
848,350.0,-9.056514129480318,-34.89915914096367
849,2668.0,-9.784687634101562,-34.61644675020139
850,1980.0,-8.519930926423905,-34.6108189957514
851,1531.0,-8.441618193371742,-34.965346137385474
852,369.0,-9.52913719951707,-35.31821453126911
853,1416.0,-7.720993189969068,-34.5476908437343
854,1873.0,-7.549784194464982,-35.144910333958165
855,1346.0,-7.769307100093293,-34.58192553537111
856,1001.0,-8.179323611064213,-34.319236273687096
857,2553.0,-7.557785136413764,-33.507530559117924
858,2545.0,-6.954435268722439,-33.62601868024211
859,2814.0,-8.764423071195704,-35.07878551695084
860,2355.0,-7.380119594108537,-34.641930436503344
861,601.0,-8.864039166626158,-35.39762017449675
862,223.0,-9.301623128218592,-34.44141853399951
863,1146.0,-8.779703842293126,-35.73620530350912
864,1107.0,-8.810648871790224,-35.373193539563374
865,33.0,-8.876200694390981,-34.97446065641224
866,2382.0,-6.959025918569813,-34.12871518479018
867,538.0,-9.137547551448975,-35.559723035074185
868,1329.0,-8.043325113967132,-34.40724942201278
869,1817.0,-8.377182343250059,-35.29482474849503
870,574.0,-7.0603610616832295,-34.898572206298894
871,2117.0,-7.649734752691652,-34.44745114064672
872,985.0,-8211.672310520593,-4736.404454851099
873,1788.0,-7.333895919033779,-34.34695956442146
874,2588.0,-9.215109516739854,-35.59314245045687
875,266.0,-9.143689153540258,-34.59085362061083
876,2630.0,-9.651061958160094,-36.08426380616189
877,371.0,-8.877176930354818,-34.575213613260345
878,1091.0,-8.718192892279902,-35.43584897356499
879,1665.0,-7.943017093114344,-34.53362521049304
880,1474.0,-7.681171279168505,-34.771609677360665
881,2299.0,-7.536833770030206,-34.33684122610347
882,2410.0,-6.962020562335416,-34.00618367399742
883,513.0,-9.622866574886464,-34.673275730315666
884,680.0,-8.768347485881861,-33.98648181038198
885,1928.0,-8.071494720406083,-35.29895573361994
886,26.0,-8.86469572013402,-35.15430529199677
887,1565.0,-7.710582145232417,-34.79367974571207
888,2461.0,-7.526464413489146,-33.63439109668877
889,2728.0,-7.7340767005161375,-34.034365027964846
890,1648.0,-7.3051742699422615,-34.49929638910045
891,2604.0,-7.6435917937459035,-33.93213952947332
892,2173.0,-7.424738079655061,-34.23646103998604
893,2147.0,-7.754012158295542,-34.4982850145072
894,130.0,-9.055774347277115,-35.6954896641664
895,2940.0,-9.614852406387495,-35.93976908886793
896,152.0,-9.072752875731812,-34.487336148928975
897,351.0,-9.348843193336041,-35.682479451689794
898,2509.0,-7.486927103810224,-33.937150259410004
899,962.0,-8.487069555241323,-34.94460011298057
900,1045.0,-8.761688125208863,-34.89282974820476
901,1993.0,-7.546446626741804,-33.97592297131299
902,2213.0,-8.144643379826537,-35.57144942525945
903,2244.0,-8.263350640606475,-35.486043876855874
904,1501.0,-8.484603700568227,-35.066878009253074
905,1053.0,-8.582098918713115,-34.74163420433327
906,1752.0,-7.646289842463061,-34.982039800816594
907,2729.0,-8.853684037070053,-35.261662069421064
908,2698.0,-10.176741645945865,-34.17025379124868
909,842.0,-8.46605747351516,-35.17322940995663
910,2075.0,-7.642471854219602,-34.444631399358265
911,226.0,-8.888341263270938,-34.372646197094
912,284.0,-9.19791940147882,-35.87190816719152
913,2789.0,-10.783479259818018,-34.07041130153689
914,2707.0,-10.00056101419241,-33.44375479009432
915,630.0,-9.240185319337726,-35.885692592491594
916,955.0,-7.792713608511143,-34.58372035668229
917,2456.0,-8.870739206693617,-35.44161829773432
918,2804.0,-10.685783948831533,-34.87282745911798
919,723.0,-9.17781057067628,-35.867691757881985
920,323.0,-9.135001754396791,-34.677162966846424
921,2233.0,-8.311631558946221,-35.06020452765352
922,1912.0,-8.348273343176327,-35.19554732051182
923,937.0,-8.581376083683711,-34.93801898018545
924,2879.0,-8.03971743824664,-33.608123090174566
925,2805.0,-8.898276171545337,-35.01769483522013
926,2926.0,-8.83753429930273,-36.09857640734022
927,1575.0,-7.69892007026586,-34.551381860346694
928,1488.0,-7.193821441360382,-34.21447907881481
929,2149.0,-8.359125813982104,-35.11130055508498
930,1216.0,-7.809809959543156,-34.476065054882106
931,1765.0,-8.287686199283478,-35.70423738763205
932,20.0,-9.112938747169256,-35.232476082425116
933,1340.0,-8.494144819545564,-35.02781838707101
934,332.0,-8.978120133686174,-35.11414105734273
935,1926.0,-7.884192758160344,-33.600882055095106
936,1767.0,-8.030677693023172,-33.8304578640745
937,1279.0,-7.794657695763825,-34.59354131341389
938,1860.0,-7.427836972043156,-34.167098306088654
939,1998.0,-7.623061606242288,-35.0024264521972
940,1492.0,-7.66568997749612,-33.7634403851241
941,2414.0,-7.055756635303322,-33.52646461261193
942,435.0,-9.080841359616791,-35.81116582219241
943,1799.0,-7.463916295209063,-34.20156418029475
944,79.0,-9.376253929311954,-35.56079443869104
945,1659.0,-8.411660531835558,-34.944350580310584
946,203.0,-8.937673391678633,-34.36913227328416
947,1002.0,-8.247476936724912,-34.70185527656015
948,303.0,-9.315570632436579,-35.55767836769306
949,2898.0,-9.372584008942532,-35.407267828332024
950,1989.0,-7.610424159425783,-34.96413036802818
951,824.0,-8.441922839323311,-34.83179501313745
952,462.0,-9.199209075087502,-35.912282318398
953,2674.0,-7.106719219835666,-36.24853793943799
954,2034.0,-7.644221256071182,-33.84479857913388
955,516.0,-9.681637671372538,-34.695089296870336
956,1311.0,-9.000194485006103,-35.73203830027605
957,2941.0,-9.793859221903084,-35.55330006409554
958,2924.0,-9.487975462815005,-34.74796028735317
959,458.0,-9.218923314760962,-34.43502718302558
960,2120.0,-8.167577502361327,-35.242708754900214
961,2797.0,-7.397761228866576,-33.50176852293983
962,1643.0,-7.659545420177496,-34.73421780406359
963,133.0,-8.9417115350361,-34.21763998382559
964,467.0,-9.095865053779331,-35.743526463007214
965,792.0,-8.435613280904345,-34.69943381920734
966,2746.0,-9.35692190496398,-34.865782990463835
967,2606.0,-6.9607227157557805,-33.61507797652703
968,1864.0,-7.3991375151989995,-34.10795603985573
969,2045.0,-7.513119603558171,-34.42818575681271
970,602.0,-8.738510432707457,-35.5855850094567
971,343.0,-8.875427871946021,-34.40990629314005
972,2185.0,-7.1235299889138615,-34.555098747638276
973,2460.0,-8.544763723909114,-35.002505582010464
974,163.0,-9.160631749476952,-34.9018386460843
975,1779.0,-7.49550333997176,-33.984156990578924
976,379.0,-8.802574646534794,-34.04917721191838
977,1947.0,-8.226154467717969,-33.75224090641371
978,360.0,-9.019080699880384,-34.85714282605974
979,577.0,-8.944373268221948,-35.43890885110504
980,2280.0,-7.996690881700574,-34.09954752632353
981,338.0,-8.844934505438616,-34.92228695355563
982,561.0,-8.31142672488767,-34.762814984439245
983,85.0,-8.920523771175192,-34.55878081807984
984,12.0,-9.04307201995062,-35.68348297382737
985,847.0,-8.604673157948131,-34.87347588885018
986,1433.0,-8.428578805668625,-35.409615732615734
987,2549.0,-7.757461912790668,-33.52974505712666
988,617.0,-8.992616128760542,-35.45728381417275
989,308.0,-8.761913124333201,-34.84598709012716
990,1673.0,-7.722520716598233,-34.62406333119534
991,884.0,-8.748588640342481,-34.749118072816415
992,187.0,-9.511749393652718,-35.488841779308714
993,542.0,-9.19487022753264,-34.776065052707324
994,1508.0,-8.574651887213303,-35.924542046488355
995,2765.0,-7.333172355742779,-33.52535712070018
996,335.0,-8.75888596600379,-34.19275265973877
997,126.0,-9.461432923279286,-34.73065629485321
998,242.0,-9.584146615983485,-35.660136156191776
999,1380.0,-7.699517827093707,-35.151059375891904
1000,2901.0,-9.548895727508128,-34.82752980944707
1001,2401.0,-6.826059295786072,-34.61613482987701
1002,1537.0,-8.734536408487624,-33.940605382359436
1003,621.0,-9.52406296183064,-35.82092287859595
1004,1164.0,-8.61500313581795,-34.81367992021451
1005,1276.0,-7.887158740036855,-34.118696122913846
1006,1904.0,-7.53698867073944,-34.24905357430256
1007,180.0,-9.19254282134916,-34.96579792120796
1008,1123.0,-8.651239864413006,-35.49580570426851
1009,2214.0,-7.238593838658563,-34.58489028313771
1010,2573.0,-7.431614936264811,-33.328315055667105
1011,1041.0,-8.639906222712906,-34.89574599635671
1012,1516.0,-7.289469480450773,-34.259337601678325
1013,668.0,-8.58316345635314,-35.23182100835989
1014,565.0,-7.63105214986612,-33.99884665421764
1015,1124.0,-8.442918882063388,-34.740585651145736
1016,1546.0,-7.561992915505714,-34.6955139938505
1017,457.0,-9.317811535576869,-35.65551972741528
1018,1600.0,-7.555987610421849,-34.64101168830399
1019,1065.0,-8.7279746647495,-35.327290361434805
1020,802.0,-8.184777701532118,-34.32947348692596
1021,2154.0,-8.504212579660802,-33.85555783844735
1022,1054.0,-8.59012866072465,-35.04374752746611
1023,2666.0,-8.613878610462422,-34.65458336091773
1024,939.0,-7.584764096195279,-34.752999208491104
1025,2827.0,-8.641739613040816,-33.8988906399874
1026,1735.0,-7.934912202552049,-34.506383485097494
1027,2268.0,-8.25595858218417,-35.52624754951916
1028,747.0,-8.608759621083228,-35.19083305776424
1029,2656.0,-8.247360262432496,-36.03091940861404
1030,1837.0,-8.235709435933703,-34.47687520218379
1031,479.0,-8.99510422813545,-35.84571229606166
1032,367.0,-9.166557260431638,-34.93149974632482
1033,2319.0,-7.593442408878016,-34.441565174318164
1034,2891.0,-9.03818874466978,-34.30335221075923
1035,2264.0,-8.320666887700607,-35.14690821805574
1036,1763.0,-8.221994194827154,-35.70526967158556
1037,1356.0,-7.689624605423578,-34.69013908565918
1038,382.0,-8.910313445534797,-34.56909636621384
1039,1986.0,-7.578324509660573,-34.75866326981631
1040,1088.0,-8.629668835925838,-34.499431681335125
1041,1524.0,-7.769355992978473,-34.62544475590116
1042,439.0,-9.076171158656505,-35.9429108131835
1043,2705.0,-7.428169451687817,-36.02632236843715
1044,2642.0,-8.224219289789826,-35.88627920785859
1045,1038.0,-8.673711250613659,-35.1390613034243
1046,2560.0,-7.543198707042602,-34.17223310395514
1047,1491.0,-7.670544817245434,-34.737802012915225
1048,2840.0,-8.217224865416974,-32.05421487251175
1049,377.0,-8.895730169561858,-34.20934551324405
1050,2204.0,-7.151645507631649,-34.36968596086798
1051,1831.0,-202118785.96010888,-315884933.9859273
1052,446.0,-9.062764562286409,-35.744117002552734
1053,146.0,-9.215436800227248,-34.585725852495656
1054,1310.0,-8.463972822354723,-34.62781865636002
1055,198.0,-8.919434975629487,-34.33821659064765
1056,288.0,-9.035712655946892,-34.89188900395271
1057,1699.0,-7.893244899935371,-33.881756861189615
1058,477.0,-9.415600691094971,-36.05635039541191
1059,855.0,-8.258970414611635,-34.496278441541264
1060,1024.0,-8.760176387558475,-35.38486211858826
1061,2760.0,-7.641330239975082,-33.40470911644772
1062,64.0,-8.960382197239845,-34.986741175412575
1063,2363.0,-7.4694240216136665,-33.4702886372807
1064,2711.0,-7.679912927499932,-36.02149999022562
1065,1610.0,-7.497403929252709,-34.48450794039569
1066,1994.0,-8.028844326103574,-35.33420114639239
1067,2862.0,-11.000444711921535,-35.10759895566102
1068,2188.0,-7.4466897491543795,-34.49115643695458
1069,1930.0,-8.664200788682354,-35.04418376994956
1070,287.0,-9.085756384967926,-34.82207145006278
1071,2018.0,-7.947897861129183,-35.33559922524937
1072,1750.0,-7.403990393420836,-33.97097312624334
1073,210.0,-9.123832097874875,-34.69114547727992
1074,1589.0,-7.8243147202383065,-33.84061009322076
1075,347.0,-9.271872801723376,-35.65672395826246
1076,1881.0,-8.101603930900215,-35.495574823769786
1077,2295.0,-8.392931760468567,-35.06126003528521
1078,570.0,-9.06716342749469,-35.71671938236467
1079,1557.0,-7.624080298830557,-34.820593706618865
1080,391.0,-8.75460022019409,-34.010337713760606
1081,1317.0,-7.862359726365245,-34.564863395573475
1082,1156.0,-8.74332776568411,-35.56557218381485
1083,2435.0,-7.209692009574981,-33.921762510389094
1084,2235.0,-8.67387628045651,-34.89029951587338
1085,2152.0,-7.78550560765526,-34.28349045514376
1086,1458.0,-8.465539006695103,-34.42611820031538
1087,999.0,-7.975336140415111,-34.29457865282087
1088,2039.0,-7.4390074949342395,-33.911558461657016
1089,1692.0,-7.800157672495933,-34.66007270422474
1090,2930.0,-9.018691899324452,-36.32041212814413
1091,112.0,-9.148098730349098,-34.97433488717427
1092,1290.0,-8.536387648833227,-35.26554921011518
1093,804.0,-8.32161236543592,-34.5341835267818
1094,2345.0,-7.476728418540616,-34.374099883778136
1095,507.0,-9.447048749869262,-34.43339130939475
1096,1193.0,-8.60074406166188,-35.07788362896997
1097,1117.0,-8.660002017554053,-35.479440185023506
1098,2073.0,-8.531642985577253,-35.013439673752586
1099,873.0,-8.949738562738162,-35.730888227699936
1100,1581.0,-7.5454716837296845,-34.77049366461371
1101,1954.0,-8.45032285011175,-35.34595675410466
1102,599.0,-9.153881701749864,-35.70637154908755
1103,1420.0,-7.7676774845735075,-34.57696752460384
1104,1734.0,-7.980764808969992,-34.460606113414705
1105,1087.0,-8.323723767210721,-34.08178630057121
1106,1014.0,-8.711567303995128,-35.29403132821997
1107,1808.0,-7.7339562704723175,-34.59686369684988
1108,1406.0,-7.80204579247248,-34.65875601722425
1109,501.0,-9.624786325927538,-35.157774955098766
1110,1350.0,-1537760069090.3572,-1571398382093.288
1111,2433.0,-8.216980203094693,-33.41723376804897
1112,2331.0,-7.649816270237039,-34.495864658596474
1113,2737.0,-9.281237068575152,-35.210524717936394
1114,1521.0,-7.718528507695527,-34.613477819270976
1115,2612.0,-6.939711043437891,-34.724236336859306
1116,2572.0,-8.166688294669736,-33.811276624165174
1117,2493.0,-8.528869196697887,-33.65758002187568
1118,2112.0,-7.833691500440805,-34.319266781588226
1119,1952.0,-8.23362622818061,-34.43682006857133
1120,498.0,-8.654986437034625,-34.94657462901529
1121,1507.0,-7.126607546667955,-34.5183462555333
1122,1118.0,-7.825286483302882,-34.37982569791848
1123,1057.0,-9.061535279429869,-34.93025301963007
1124,1555.0,-8.385617395431284,-35.82609433274648
1125,871.0,-8.520739041471007,-35.13743001322285
1126,1243.0,-8.206962042790288,-34.26476516049166
1127,1040.0,-8.484567019369573,-34.4163455773821
1128,989.0,-8.789815598561113,-35.522209084602935
1129,575.0,-8.74119063995711,-35.56531147710166
1130,58.0,-9.08557460811003,-34.97475379778856
1131,1409.0,-8.5174546460948,-35.743484836991804
1132,1842.0,-7.8120573888993,-34.54119112931476
1133,2577.0,-8.529823593909597,-34.483150666914256
1134,1833.0,-7.556941102271483,-33.958651520374126
1135,141.0,-9.189947549407659,-35.27396865827719
1136,2949.0,-9.61373347446365,-36.156316105325516
1137,260.0,-8.8542956073818,-34.82477777684616
1138,2781.0,-8.722673933908556,-35.22016018857231
1139,895.0,-8.475432274374555,-34.26166334811042
1140,763.0,-8.675584193627753,-34.66211527909798
1141,2543.0,-7.3729323609059705,-34.478972571262446
1142,1314.0,-8.25482594768473,-34.498047395243944
1143,194.0,-9.20351687273034,-34.537425742549104
1144,1104.0,-8.500585522617484,-34.18489833777126
1145,1862.0,-8.780799826570368,-33.85568738249181
1146,956.0,-7.904114479209222,-34.39249758890507
1147,1460.0,-7.587652319368317,-34.85372620099034
1148,489.0,-9.557634726135227,-34.89052137203302
1149,2870.0,-10.857790531224968,-36.44129382984241
1150,517.0,-9.736423109691868,-34.92991073221333
1151,2084.0,-7.6364605431275026,-33.94788514394805
1152,121.0,-9.131931397083015,-34.82662277626089
1153,749.0,-8.44639659236363,-35.01424527153947
1154,132.0,-9.040639926854986,-34.46401185672338
1155,1620.0,-7.15215777854217,-35.46659828958412
1156,1454.0,-7.2236037835071985,-35.00868314193936
1157,1914.0,-8.406711514215894,-35.20786769514982
1158,1760.0,-7.7117457475440485,-33.9209439165555
1159,62.0,-8.940466671968434,-34.99824199170581
1160,1784.0,-7.676040144786333,-33.73885374328947
1161,714.0,-8.869072840847448,-34.361482513212664
1162,1632.0,-7.565360030790266,-34.96898856386155
1163,2667.0,-7.686945321820362,-33.780576843570145
1164,1383.0,-8.564952079064447,-35.83589902019218
1165,495.0,-9.533094549609054,-34.80030678019878
1166,2519.0,-7.421142604799937,-34.028151057933265
1167,2580.0,-8.52358832840061,-33.78914024750932
1168,1641.0,-7.562962999476236,-34.91604853298471
1169,1812.0,-7.85579616190968,-34.590548076753684
1170,2343.0,-8.419111875164784,-35.095738452373546
1171,946.0,-8.388211009776908,-34.457656451040606
1172,493.0,-9.07138147329552,-35.46264038143841
1173,2663.0,-7.272688925195526,-33.6940124063664
1174,1095.0,-8.625602787093257,-35.31199023286703
1175,2536.0,-7.89757888731572,-33.49634171038616
1176,1282.0,-8.562699054925623,-34.95411644069519
1177,2240.0,-7.08130612316772,-34.530756810160135
1178,134.0,-8.835034032476806,-34.2148803513743
1179,1195.0,-8.460690235991752,-34.43665627453043
1180,764.0,-8.68385184421373,-34.78828556819144
1181,2755.0,-10.73634759343289,-33.66337634867142
1182,1351.0,-7.630375451647167,-34.814493509607516
1183,2659.0,-8.686162572648712,-36.04603875877177
1184,2881.0,-7.911681647496723,-33.693119471787284
1185,2437.0,-6.717279152091196,-33.845139205880166
1186,1308.0,-7.778916913024462,-34.49604177304403
1187,584.0,-8.89245667456284,-35.53705877578388
1188,2512.0,-7.534689618228496,-33.96658446698204
1189,2300.0,-7.6505616575673585,-34.64280306861377
1190,634.0,-8.765649346891351,-35.39917085733233
1191,790.0,-8.504725935594328,-34.69569935731135
1192,2014.0,-8.001754963606608,-35.35278363544754
1193,569.0,-9.07150674950402,-35.00766617078773
1194,755.0,-8.456000852484426,-35.19119406825121
1195,2358.0,-7.653193583388511,-34.39012315200836
1196,1343.0,-8.502576137806775,-35.88020615756161
1197,1044.0,-8.810761807925484,-35.39000816206649
1198,44.0,-9.420840116080633,-35.54825391466067
1199,74.0,-9.008675116516319,-35.25230847553742
1200,2556.0,-8.88331146178345,-35.55468435438584
1201,429.0,-9.310127095095634,-34.51038948884643
1202,1969.0,-8.368884526173247,-35.29440073213557
1203,544.0,-9.178904771680955,-35.675415915948705
1204,230.0,-9.118912121368322,-34.444941275093136
1205,2285.0,-7.832828235309728,-35.48018203021607
1206,393.0,-8.828926532032677,-35.014956158274366
1207,415.0,-8.948525113915453,-34.09542739714559
1208,1569.0,-8.420638148056234,-34.90650917044945
1209,2427.0,-7.964493956447036,-33.39940444265517
1210,2602.0,-8.145768057518747,-33.872515750354665
1211,1695.0,-7.425025885283453,-33.74342026528424
1212,1211.0,-7.650111529068798,-34.31809112328284
1213,1538.0,-7.723215365013423,-35.20030600192847
1214,2912.0,-9.315626048599386,-35.31090693607328
1215,356.0,-8.964022825337706,-34.36071506720517
1216,2122.0,-7.327446855009931,-34.5441216395828
1217,1153.0,-8.295101453447606,-34.31501305479983
1218,678.0,-8.597300793824136,-35.28131119454445
1219,2592.0,-9.467815701206167,-34.357237003770486
1220,1397.0,-8.39635356183102,-34.62653236055036
1221,317.0,-9.361169593040856,-35.8251215569519
1222,1227.0,-7.809322889978507,-34.47693128292411
1223,1905.0,-7.372716296717937,-33.89350031606147
1224,2694.0,-10.607380146735721,-34.597610638871906
1225,1486.0,-8.262709238748327,-33.64402808998763
1226,914.0,-8.973819135410533,-35.7121897312104
1227,502.0,-9.014741520020799,-35.52335616689898
1228,2773.0,-8.700774552248982,-35.229545434812536
1229,2753.0,-7.374856561257232,-33.76472538828456
1230,1841.0,-8.186000161561424,-35.57782960118715
1231,598.0,-9.421591866154593,-34.895185766104184
1232,1185.0,-8.52556509582597,-34.543574397181416
1233,1701.0,-7.3717122376150135,-34.18700269140902
1234,2521.0,-7.254444745478924,-33.57732056898013
1235,2172.0,-7.409995431342302,-34.587588831525494
1236,1870.0,-8.335841826035955,-35.13592815457269
1237,1179.0,-inf,-inf
1238,813.0,-8.438772708359753,-34.485799467469754
1239,1737.0,-8.291213377541634,-35.026176555745536
1240,1498.0,-7.747155382906339,-34.616391433193954
1241,555.0,-8.996213849440256,-34.50607323556149
1242,1141.0,-8.230119811981368,-34.28994893857795
1243,2598.0,-9.011974804150878,-35.59183989891028
1244,224.0,-8.986622935433243,-34.199678453895665
1245,34.0,-9.022869946106695,-35.13492974258514
1246,947.0,-8.442092158263964,-34.48942640568495
1247,178.0,-9.456962948107526,-35.59463353558043
1248,2162.0,-7.526962230009901,-34.235399003047064
1249,1437.0,-8.565761684157998,-34.92513112204317
1250,2398.0,-6.799286744652713,-35.014065740100506
1251,854.0,-8.58145865278386,-34.72179417001676
1252,1007.0,-7.94357798394944,-34.28522701484809
1253,2252.0,-8.72968344201319,-33.987053912674746
1254,469.0,-8.96777394767656,-34.53298715574251
1255,2305.0,-8.469620479547947,-34.48549794260934
1256,2648.0,-9.573385564536697,-33.48291283768789
1257,2287.0,-8.604535714558994,-33.785045719624236
1258,2500.0,-7.176726435407344,-34.56594363338182
1259,2690.0,-9.067674664448194,-36.00087968169841
1260,1576.0,-7.692631174213522,-34.547365847789436
1261,2439.0,-6.891445192324225,-33.595790953154776
1262,116.0,-9.283587330814203,-35.67840279356936
1263,2029.0,-7.655953188121572,-34.44100930740392
1264,1972.0,-7.921330829094404,-33.599062734134804
1265,1847.0,-7.281699435184821,-34.22378589474306
1266,1130.0,-8.563425480841655,-35.54693733163255
1267,1255.0,-7.549339418541928,-34.44220303027025
1268,877.0,-8.760771347298634,-35.047118720413685
1269,2063.0,-7.488345054263196,-34.41896008055099
1270,845.0,-8.537596322181823,-35.04616999333675
1271,2038.0,-8.14527590522996,-34.37810776066655
1272,1915.0,-7.614804433417788,-33.957075746834576
1273,1766.0,-7.615496251132907,-34.72466825709158
1274,297.0,-9.238246987165569,-36.01817870790836
1275,1970.0,-8.484154606582795,-35.07835545220508
1276,651.0,-9.109527026723724,-35.80353825484069
1277,2229.0,-8.389639357395858,-35.42449326022246
1278,2207.0,-7.513645445065988,-34.12732952737253
1279,256.0,-9.37660755579747,-35.91224297595481
1280,534.0,-8.988993235019558,-35.526541183645755
1281,2303.0,-8.789586766306886,-33.908260946521224
1282,1720.0,-8.768804463953566,-33.54393058559715
1283,2113.0,-7.899271525407384,-34.11363547867376
1284,1390.0,-7.901063079595581,-35.38548523866445
1285,2593.0,-7.197232206422684,-34.26918551842893
1286,2578.0,-8.711117621908473,-33.915727839528245
1287,2022.0,-8.29542558762406,-34.99530544969102
1288,2654.0,-7.556539067865252,-34.09152105922166
1289,1744.0,-7.361316125223807,-34.049176872622496
1290,1335.0,-8.550701804283445,-35.032713847744915
1291,1402.0,-8.07193214489229,-33.90154514419223
1292,702.0,-9.118302360069883,-34.2121672721406
1293,1300.0,-8.806925212962149,-35.69796505156286
1294,2274.0,-7.477477831022936,-35.31621753857672
1295,1917.0,-8.446174174152041,-34.954356359817766
1296,1371.0,-8.479792096908282,-34.63568834705522
1297,397.0,-8.904829349748404,-34.51383657496579
1298,491.0,-9.365632099387888,-35.03369255447276
1299,1828.0,-8.007101761421827,-33.711626294597835
1300,1267.0,-7.671714950558549,-34.267175216185734
1301,443.0,-9.160498645459054,-34.78276099092359
1302,2453.0,-8.255799677480173,-33.41877350285151
1303,160.0,-9.37616448373948,-35.25573830778341
1304,2600.0,-7.162051158541503,-34.35470170763806
1305,1445.0,-7.754555905072307,-34.621074921578696
1306,1618.0,-7.59610714987927,-34.568267850995746
1307,2324.0,-7.466423585107726,-34.75007928956652
1308,703.0,-8.727917058964918,-35.291015773587546
1309,737.0,-8.983519714912742,-35.761945162542546
1310,1597.0,-8.373060322072734,-34.774778989697104
1311,9.0,-9.031249979666072,-35.35221758028488
1312,893.0,-8.796518980804391,-35.03441122585143
1313,2337.0,-7.647847280143436,-34.36365333184522
1314,1251.0,-8.543518581708046,-34.89092591494646
1315,2356.0,-8.094039441313626,-34.44576450158249
1316,452.0,-8.726501869657696,-34.38402590168775
1317,1886.0,-8.249206242987803,-35.06564975353359
1318,466.0,-9.151474935520332,-35.74780061399839
1319,1273.0,-7.774647403193254,-34.554999164822924
1320,1922.0,-7.2599160158034,-33.99346208860348
1321,2375.0,-8.078953624537128,-33.32658401922335
1322,1020.0,-8.874818775315433,-35.39299096271624
1323,2689.0,-10.297457857520087,-34.97541346844853
1324,1802.0,-7.557907442290576,-34.05112860626208
1325,118.0,-8.97305540590903,-34.71607242367601
1326,785.0,-8.74416211463517,-34.92898007248769
1327,2734.0,-8.908116710639685,-35.08354219910131
1328,2468.0,-8.519015518992376,-33.456455851704945
1329,181.0,-9.099378022717794,-34.727111519701104
1330,2849.0,-10.120130208294743,-32.470390792056364
1331,2794.0,-10.728587899373553,-33.794361689685246
1332,2055.0,-7.610773166388328,-33.87566722174351
1333,998.0,-8.609226069842286,-35.39264205553454
1334,2617.0,-7.061473650618078,-35.569699628769726
1335,157.0,-9.133083149680907,-34.76353386785659
1336,1628.0,-7.502702567600295,-34.81136812596549
1337,1644.0,-7.532191547309798,-35.0550267414511
1338,2618.0,-7.268479472160321,-35.73578697959293
1339,2116.0,-7.677196717478271,-34.41382831009757
1340,474.0,-9.105839128822982,-34.988027294689786
1341,748.0,-9.266485365883213,-35.59160956639445
1342,771.0,-8.679104887179232,-34.832575889344994
1343,1686.0,-7.860728486915476,-34.52444763887623
1344,1224.0,-7.796791822500192,-34.33497032968158
1345,357.0,-9.003116221322998,-34.039066134931524
1346,2312.0,-7.556451497725277,-34.2788157689363
1347,1712.0,-8.22895451242668,-34.42244365074842
1348,776.0,-8.663597915640793,-35.052185310982296
1349,2772.0,-7.727527486439971,-33.36813111952449
1350,2865.0,-8.119349042544961,-33.3341812881891
1351,2767.0,-7.99938745256361,-33.3758064576365
1352,897.0,-8.628982409093354,-35.00821030008251
1353,1357.0,-7.878787662801496,-34.64106765250028
1354,191.0,-8.919331171984108,-34.01689602045482
1355,1086.0,-8.598625454692602,-35.14259001633118
1356,2718.0,-10.67950361312557,-35.12042933488058
1357,806.0,-8.618604270464036,-34.526295044343954
1358,1289.0,-8.49103861463933,-35.04850897825899
1359,1198.0,-8.591310354558082,-35.210710290487405
1360,2591.0,-8.907886561870741,-33.92386850170577
1361,2697.0,-8.10678918100685,-36.110748760353275
1362,2438.0,-7.546730880867835,-33.58522058324026
1363,2408.0,-7.013970449497245,-33.96018760845292
1364,274.0,-9.096433522489216,-34.616101031933056
1365,1587.0,-7.5818774677355405,-34.62308489700535
1366,2474.0,-7.3968456866412655,-33.886604975626085
1367,1326.0,-8.448309255255447,-34.72159899550388
1368,1429.0,-7.104065463874546,-34.54175447199573
1369,1030.0,-8.883134863987287,-34.37613334776722
1370,1138.0,-8.53009122184589,-35.586959058262956
1371,1455.0,-8.958144669363282,-34.09687364503594
1372,2259.0,-7.798394607299901,-35.5384016870223
1373,2846.0,-7.942078831064498,-33.4658466069658
1374,1529.0,-8.616993659647726,-35.87775325153512
1375,2768.0,-10.534479909320687,-34.327713507378405
1376,888.0,-8.936771608505465,-34.761854607141714
1377,2784.0,-11.190365476526726,-34.98773809331682
1378,1571.0,-7.668820648374957,-34.70838525793101
1379,2799.0,-10.891253605072285,-36.24271112539708
1380,1616.0,-7.9075075235346715,-34.54734456335426
1381,646.0,-8.592639863143663,-35.2962773425237
1382,2145.0,-8.308062352841649,-35.11619333354092
1383,1463.0,-6.947063508061252,-34.56279140170129
1384,1933.0,-7.327508077452444,-34.04691218542685
1385,671.0,-8.740352993463972,-35.36189366630468
1386,2051.0,-7.455163140451878,-33.80626802066038
1387,1804.0,-7.3937010139306665,-33.96884781662974
1388,2490.0,-7.758843936664446,-33.685325125393874
1389,1583.0,-7.700677852306795,-34.61708361811274
1390,1215.0,-8.295017868431264,-34.200448720491615
1391,2017.0,-7.667257605410455,-34.07302577328862
1392,1475.0,-8.66877470654708,-35.02431082431748
1393,2526.0,-7.404474339176056,-34.33413491213457
1394,963.0,-8.071094241056809,-34.466789611708336
1395,2845.0,-10.338329385499621,-32.45700249717124
1396,1154.0,-8.417179529096048,-34.04832678286645
1397,1638.0,-8.408522349905459,-34.968822073561086
1398,3.0,-8.93495510033985,-35.42867939829418
1399,1176.0,-8.290555279384915,-34.00290534652914
1400,2352.0,-8.729017528171044,-35.273591832831016
1401,1636.0,-7.702108442851737,-34.46758306736912
1402,637.0,-9.278972161003452,-35.70041412788244
1403,423.0,-9.193273590697991,-34.46277204616577
1404,2754.0,-6.900922105749369,-34.43445486569628
1405,2515.0,-7.578880870331357,-33.85934752873521
1406,1077.0,-8.648116726485021,-34.89251166969245
1407,916.0,-8.127781765449171,-34.28731217452955
1408,405.0,-9.116717596752991,-34.50749329174834
1409,2165.0,-7.271386492172446,-34.70650992258159
1410,1394.0,-7.20496229618123,-34.38329401327479
1411,864.0,-8.39828578392587,-34.542897219008985
1412,580.0,-8.986636664838516,-35.657461356371144
1413,1534.0,-7.742094045018188,-34.57776240706744
1414,795.0,-9.071246054279246,-35.661023105053005
1415,1259.0,-7.682844020594423,-34.7277092672704
1416,2101.0,-7.456306062784098,-33.989096711901645
1417,2003.0,-7.502133403559295,-34.41979081085234
1418,14.0,-8.97178595630244,-35.31415492119148
1419,352.0,-9.118614547679604,-34.764192788019486
1420,2775.0,-11.091508552775672,-34.62226428134263
1421,638.0,-9.403873082199796,-36.054995734063226
1422,138.0,-9.080868203420472,-34.6012271577349
1423,701.0,-8.747621099411056,-35.28301260878248
1424,1719.0,-7.779530821459594,-34.53609322321596
1425,982.0,-8.512228353733143,-34.67419228380675
1426,1781.0,-8.34361739052807,-34.52123584624432
1427,1594.0,-7.602453549034816,-34.605954412351096
1428,686.0,-8.126632551725534,-34.67774806690977
1429,990.0,-8.389928832160322,-34.43491287661165
1430,510.0,-8.991154063160606,-35.69566239610077
1431,453.0,-8.977539379119756,-34.45723285136309
1432,148.0,-9.097231874126827,-34.60489824988197
1433,176.0,-9.06859492126281,-34.51870122609078
1434,1127.0,-7.592817321262569,-34.60397819552986
1435,387.0,-9.169957178774649,-34.34699575918469
1436,2788.0,-7.725589167969071,-33.30876713150678
1437,1430.0,-8.824567962845556,-33.94214427806432
1438,1170.0,-8.868183704473385,-35.4554962983781
1439,289.0,-8.098692249868538,-33.8883231159912
1440,1482.0,-8.332610129189478,-35.254359529778796
1441,2625.0,-9.738745110070466,-35.7524488572635
1442,2202.0,-8.329867908125738,-35.06131831733565
1443,2232.0,-7.361124638043931,-34.59449195661566
1444,156.0,-8.93277056360253,-34.355729846007655
1445,2650.0,-8.79629374184567,-35.0439374809763
1446,2221.0,-8.305076670094076,-35.512209624671016
1447,1318.0,-7.740874997722466,-34.60447226705866
1448,1435.0,-8.549798740992694,-34.906113153343085
1449,1959.0,-7.5540214788819045,-33.816984893057615
1450,407.0,-8.257357907644105,-33.927588777094954
1451,846.0,-8.385582754510054,-34.844649678876095
1452,1100.0,-8.91854478130414,-35.4696662270232
1453,942.0,-8.723699137811217,-34.938128204148036
1454,1206.0,-7.904025536272702,-34.19431768552119
1455,300.0,-9.435280079875566,-35.58335508869234
1456,976.0,-8.557445283298316,-35.11763211452392
1457,1814.0,-7.89841134265932,-35.637703872086114
1458,2467.0,-7.376414819881978,-35.8926910270518
1459,2310.0,-8.454350032646012,-34.81412773968223
1460,252.0,-9.256070550899286,-34.519193976689586
1461,1073.0,-8.646207582058713,-34.93867168881461
1462,1743.0,-8.397522948337755,-35.68781811586299
1463,2655.0,-8.907517210537911,-35.98370497496765
1464,2208.0,-7.816524156739764,-34.439887534670014
1465,844.0,-8.600961585397137,-34.7096746184033
1466,1867.0,-7.659963891711492,-34.8167784877706
1467,2179.0,-8.553060044681061,-33.72951398104031
1468,2876.0,-8.424019491353617,-33.79435539603847
1469,1548.0,-8.044094596237079,-34.39991006066108
1470,2762.0,-9.55501720381514,-35.942631263485225
1471,1896.0,-7.42815947603249,-33.75338791518479
1472,2169.0,-8.265533283402476,-35.11636500559655
1473,1539.0,-7.858843906336408,-35.30353303292173
1474,983.0,-8.076673179298252,-35.54669455486378
1475,1675.0,-7.68252969673131,-34.863846215563385
1476,886.0,-8.968746871020926,-34.9328992067668
1477,2721.0,-6.990697115749714,-34.95673933523777
1478,471.0,-9.008683587947022,-34.251991481656404
1479,975.0,-8.334137260378512,-34.53844770826616
1480,150.0,-9.415118884152466,-35.25829411051608
1481,787.0,-8.513455040070326,-34.71278514614374
1482,2115.0,-8.259362589911738,-35.11062700921183
1483,2855.0,-8.867134586862253,-31.919388721830103
1484,183.0,-9.394826227409856,-35.719374128466946
1485,1670.0,-7.6250380700848925,-33.951890741860865
1486,2126.0,-7.771841023932305,-34.21791624129328
1487,2370.0,-8.110070124426723,-33.456901288979594
1488,1358.0,-8.70484506134898,-35.78092985082168
1489,1999.0,-8.479719598088511,-35.06870342788788
1490,1172.0,-8.108477260250204,-33.794248588225315
1491,805.0,-8.438392168667852,-34.72908576450153
1492,2008.0,-7.622518644987835,-34.40508669613213
1493,1132.0,-8.31823801662184,-34.29911214751216
1494,2226.0,-7.020647265417412,-34.66405758871414
1495,179.0,-9.100683276275443,-34.69798763007772
1496,1653.0,-7.703727829800031,-34.525099007223645
1497,753.0,-8.478760601232494,-35.158593906783224
1498,2108.0,-8.078623661276339,-35.22562456844211
1499,2194.0,-7.562418859881325,-34.45442117963356
